PRAGMA foreign_keys=OFF;
BEGIN TRANSACTION;
CREATE TABLE "django_migrations" ("id" integer NOT NULL PRIMARY KEY AUTOINCREMENT, "app" varchar(255) NOT NULL, "name" varchar(255) NOT NULL, "applied" datetime NOT NULL);
INSERT INTO "django_migrations" VALUES(1,'contenttypes','0001_initial','2017-12-29 14:05:12.266461');
INSERT INTO "django_migrations" VALUES(2,'auth','0001_initial','2017-12-29 14:05:12.287082');
INSERT INTO "django_migrations" VALUES(3,'admin','0001_initial','2017-12-29 14:05:12.302106');
INSERT INTO "django_migrations" VALUES(4,'admin','0002_logentry_remove_auto_add','2017-12-29 14:05:12.317943');
INSERT INTO "django_migrations" VALUES(5,'contenttypes','0002_remove_content_type_name','2017-12-29 14:05:12.343092');
INSERT INTO "django_migrations" VALUES(6,'auth','0002_alter_permission_name_max_length','2017-12-29 14:05:12.352517');
INSERT INTO "django_migrations" VALUES(7,'auth','0003_alter_user_email_max_length','2017-12-29 14:05:12.366070');
INSERT INTO "django_migrations" VALUES(8,'auth','0004_alter_user_username_opts','2017-12-29 14:05:12.384807');
INSERT INTO "django_migrations" VALUES(9,'auth','0005_alter_user_last_login_null','2017-12-29 14:05:12.426832');
INSERT INTO "django_migrations" VALUES(10,'auth','0006_require_contenttypes_0002','2017-12-29 14:05:12.430136');
INSERT INTO "django_migrations" VALUES(11,'auth','0007_alter_validators_add_error_messages','2017-12-29 14:05:12.445799');
INSERT INTO "django_migrations" VALUES(12,'auth','0008_alter_user_username_max_length','2017-12-29 14:05:12.461287');
INSERT INTO "django_migrations" VALUES(13,'sessions','0001_initial','2017-12-29 14:05:12.468105');
INSERT INTO "django_migrations" VALUES(14,'synesthesia','0001_initial','2017-12-29 14:05:12.472853');
INSERT INTO "django_migrations" VALUES(15,'synesthesia','0002_auto_20171227_1630','2017-12-29 14:05:12.535346');
INSERT INTO "django_migrations" VALUES(16,'synesthesia','0003_remove_sound_length','2017-12-29 14:05:12.543963');
INSERT INTO "django_migrations" VALUES(17,'synesthesia','0004_auto_20171229_0020','2017-12-29 14:05:12.558075');
INSERT INTO "django_migrations" VALUES(18,'synesthesia','0005_auto_20171229_1404','2017-12-29 14:05:12.594809');
INSERT INTO "django_migrations" VALUES(19,'synesthesia','0006_user_password','2017-12-29 16:30:22.663089');
INSERT INTO "django_migrations" VALUES(20,'synesthesia','0007_auto_20171229_2131','2017-12-29 21:31:21.786513');
INSERT INTO "django_migrations" VALUES(21,'synesthesia','0008_auto_20180105_2046','2018-01-05 20:47:01.192668');
CREATE TABLE "auth_group" ("id" integer NOT NULL PRIMARY KEY AUTOINCREMENT, "name" varchar(80) NOT NULL UNIQUE);
CREATE TABLE "auth_group_permissions" ("id" integer NOT NULL PRIMARY KEY AUTOINCREMENT, "group_id" integer NOT NULL REFERENCES "auth_group" ("id"), "permission_id" integer NOT NULL REFERENCES "auth_permission" ("id"));
CREATE TABLE "auth_user_groups" ("id" integer NOT NULL PRIMARY KEY AUTOINCREMENT, "user_id" integer NOT NULL REFERENCES "auth_user" ("id"), "group_id" integer NOT NULL REFERENCES "auth_group" ("id"));
CREATE TABLE "auth_user_user_permissions" ("id" integer NOT NULL PRIMARY KEY AUTOINCREMENT, "user_id" integer NOT NULL REFERENCES "auth_user" ("id"), "permission_id" integer NOT NULL REFERENCES "auth_permission" ("id"));
CREATE TABLE "django_admin_log" ("id" integer NOT NULL PRIMARY KEY AUTOINCREMENT, "object_id" text NULL, "object_repr" varchar(200) NOT NULL, "action_flag" smallint unsigned NOT NULL, "change_message" text NOT NULL, "content_type_id" integer NULL REFERENCES "django_content_type" ("id"), "user_id" integer NOT NULL REFERENCES "auth_user" ("id"), "action_time" datetime NOT NULL);
CREATE TABLE "django_content_type" ("id" integer NOT NULL PRIMARY KEY AUTOINCREMENT, "app_label" varchar(100) NOT NULL, "model" varchar(100) NOT NULL);
INSERT INTO "django_content_type" VALUES(1,'synesthesia','sound');
INSERT INTO "django_content_type" VALUES(2,'synesthesia','attemptone');
INSERT INTO "django_content_type" VALUES(3,'synesthesia','colour');
INSERT INTO "django_content_type" VALUES(4,'synesthesia','user');
INSERT INTO "django_content_type" VALUES(5,'synesthesia','attempttwo');
INSERT INTO "django_content_type" VALUES(6,'admin','logentry');
INSERT INTO "django_content_type" VALUES(7,'auth','user');
INSERT INTO "django_content_type" VALUES(8,'auth','group');
INSERT INTO "django_content_type" VALUES(9,'auth','permission');
INSERT INTO "django_content_type" VALUES(10,'contenttypes','contenttype');
INSERT INTO "django_content_type" VALUES(11,'sessions','session');
CREATE TABLE "auth_permission" ("id" integer NOT NULL PRIMARY KEY AUTOINCREMENT, "content_type_id" integer NOT NULL REFERENCES "django_content_type" ("id"), "codename" varchar(100) NOT NULL, "name" varchar(255) NOT NULL);
INSERT INTO "auth_permission" VALUES(1,1,'add_sound','Can add sound');
INSERT INTO "auth_permission" VALUES(2,1,'change_sound','Can change sound');
INSERT INTO "auth_permission" VALUES(3,1,'delete_sound','Can delete sound');
INSERT INTO "auth_permission" VALUES(4,2,'add_attemptone','Can add attempt one');
INSERT INTO "auth_permission" VALUES(5,2,'change_attemptone','Can change attempt one');
INSERT INTO "auth_permission" VALUES(6,2,'delete_attemptone','Can delete attempt one');
INSERT INTO "auth_permission" VALUES(7,3,'add_colour','Can add colour');
INSERT INTO "auth_permission" VALUES(8,3,'change_colour','Can change colour');
INSERT INTO "auth_permission" VALUES(9,3,'delete_colour','Can delete colour');
INSERT INTO "auth_permission" VALUES(10,4,'add_user','Can add user');
INSERT INTO "auth_permission" VALUES(11,4,'change_user','Can change user');
INSERT INTO "auth_permission" VALUES(12,4,'delete_user','Can delete user');
INSERT INTO "auth_permission" VALUES(13,5,'add_attempttwo','Can add attempt two');
INSERT INTO "auth_permission" VALUES(14,5,'change_attempttwo','Can change attempt two');
INSERT INTO "auth_permission" VALUES(15,5,'delete_attempttwo','Can delete attempt two');
INSERT INTO "auth_permission" VALUES(16,6,'add_logentry','Can add log entry');
INSERT INTO "auth_permission" VALUES(17,6,'change_logentry','Can change log entry');
INSERT INTO "auth_permission" VALUES(18,6,'delete_logentry','Can delete log entry');
INSERT INTO "auth_permission" VALUES(19,7,'add_user','Can add user');
INSERT INTO "auth_permission" VALUES(20,7,'change_user','Can change user');
INSERT INTO "auth_permission" VALUES(21,7,'delete_user','Can delete user');
INSERT INTO "auth_permission" VALUES(22,8,'add_group','Can add group');
INSERT INTO "auth_permission" VALUES(23,8,'change_group','Can change group');
INSERT INTO "auth_permission" VALUES(24,8,'delete_group','Can delete group');
INSERT INTO "auth_permission" VALUES(25,9,'add_permission','Can add permission');
INSERT INTO "auth_permission" VALUES(26,9,'change_permission','Can change permission');
INSERT INTO "auth_permission" VALUES(27,9,'delete_permission','Can delete permission');
INSERT INTO "auth_permission" VALUES(28,10,'add_contenttype','Can add content type');
INSERT INTO "auth_permission" VALUES(29,10,'change_contenttype','Can change content type');
INSERT INTO "auth_permission" VALUES(30,10,'delete_contenttype','Can delete content type');
INSERT INTO "auth_permission" VALUES(31,11,'add_session','Can add session');
INSERT INTO "auth_permission" VALUES(32,11,'change_session','Can change session');
INSERT INTO "auth_permission" VALUES(33,11,'delete_session','Can delete session');
CREATE TABLE "auth_user" ("id" integer NOT NULL PRIMARY KEY AUTOINCREMENT, "password" varchar(128) NOT NULL, "last_login" datetime NULL, "is_superuser" bool NOT NULL, "first_name" varchar(30) NOT NULL, "last_name" varchar(30) NOT NULL, "email" varchar(254) NOT NULL, "is_staff" bool NOT NULL, "is_active" bool NOT NULL, "date_joined" datetime NOT NULL, "username" varchar(150) NOT NULL UNIQUE);
CREATE TABLE "django_session" ("session_key" varchar(40) NOT NULL PRIMARY KEY, "session_data" text NOT NULL, "expire_date" datetime NOT NULL);
INSERT INTO "django_session" VALUES('oy2gfu20rym2ms84o0ldkevkypnf2422','Y2YyODc3NmJkOGZmNmMwMzY4NzM4ZWQ5ZTgyNzllNDkxZTFiZWZkZjp7ImVtYWlsIjoibXJAZ21haWwuY29tIiwicGFzc3dvcmQiOiJiY2JkYTBmMTFhNzI1NGUwMWI2OTQ5YzQxODk1NDZjZjE2MGY4NjEwZmU0YzQ5N2E5MWI3MjZiOTMyMTBkYjEzOmNnKmwifQ==','2018-01-14 01:00:18.930153');
INSERT INTO "django_session" VALUES('anb0zrvvxwsn34438loj3hy71l6dvb4f','ODZmMTAzYjNlMWE2Y2RlYTM1ODRiZmM3ZGZhOGQ5ODczM2NhYTdiYTp7ImVtYWlsIjoic3luQHN5bi5jb20iLCJmaXJzdG5hbWUiOiJNIn0=','2018-01-18 15:35:42.741483');
CREATE TABLE "synesthesia_colour" ("hexcode" varchar(10) NOT NULL, "colourID" integer NOT NULL PRIMARY KEY);
INSERT INTO "synesthesia_colour" VALUES('#ffffff',1);
INSERT INTO "synesthesia_colour" VALUES('#c2c2c2',2);
INSERT INTO "synesthesia_colour" VALUES('#3d3d3d',3);
INSERT INTO "synesthesia_colour" VALUES('#000000',4);
INSERT INTO "synesthesia_colour" VALUES('#ffc4c4',5);
INSERT INTO "synesthesia_colour" VALUES('#ffe5c4',6);
INSERT INTO "synesthesia_colour" VALUES('#ffffc4',7);
INSERT INTO "synesthesia_colour" VALUES('#e2ffc4',8);
INSERT INTO "synesthesia_colour" VALUES('#c4ffc4',9);
INSERT INTO "synesthesia_colour" VALUES('#c4ffe2',10);
INSERT INTO "synesthesia_colour" VALUES('#c4ffff',11);
INSERT INTO "synesthesia_colour" VALUES('#c4e2ff',12);
INSERT INTO "synesthesia_colour" VALUES('#c4c4ff',13);
INSERT INTO "synesthesia_colour" VALUES('#e2c4ff',14);
INSERT INTO "synesthesia_colour" VALUES('#ffc4ff',15);
INSERT INTO "synesthesia_colour" VALUES('#ffc4e2',16);
INSERT INTO "synesthesia_colour" VALUES('#ff8989',17);
INSERT INTO "synesthesia_colour" VALUES('#ffcb89',18);
INSERT INTO "synesthesia_colour" VALUES('#ffff89',19);
INSERT INTO "synesthesia_colour" VALUES('#c4ff89',20);
INSERT INTO "synesthesia_colour" VALUES('#89ff89',21);
INSERT INTO "synesthesia_colour" VALUES('#89ffc4',22);
INSERT INTO "synesthesia_colour" VALUES('#89ffff',23);
INSERT INTO "synesthesia_colour" VALUES('#89c4ff',24);
INSERT INTO "synesthesia_colour" VALUES('#8989ff',25);
INSERT INTO "synesthesia_colour" VALUES('#c489ff',26);
INSERT INTO "synesthesia_colour" VALUES('#ff89ff',27);
INSERT INTO "synesthesia_colour" VALUES('#ff89c4',28);
INSERT INTO "synesthesia_colour" VALUES('#ff0000',29);
INSERT INTO "synesthesia_colour" VALUES('#ff8f00',30);
INSERT INTO "synesthesia_colour" VALUES('#ffff00',31);
INSERT INTO "synesthesia_colour" VALUES('#80ff00',32);
INSERT INTO "synesthesia_colour" VALUES('#00ff00',33);
INSERT INTO "synesthesia_colour" VALUES('#00ff80',34);
INSERT INTO "synesthesia_colour" VALUES('#00ffff',35);
INSERT INTO "synesthesia_colour" VALUES('#0080ff',36);
INSERT INTO "synesthesia_colour" VALUES('#0000ff',37);
INSERT INTO "synesthesia_colour" VALUES('#8000ff',38);
INSERT INTO "synesthesia_colour" VALUES('#ff00ff',39);
INSERT INTO "synesthesia_colour" VALUES('#ff0080',40);
INSERT INTO "synesthesia_colour" VALUES('#890000',41);
INSERT INTO "synesthesia_colour" VALUES('#894d00',42);
INSERT INTO "synesthesia_colour" VALUES('#894d00',43);
INSERT INTO "synesthesia_colour" VALUES('#458900',44);
INSERT INTO "synesthesia_colour" VALUES('#008900',45);
INSERT INTO "synesthesia_colour" VALUES('#008945',46);
INSERT INTO "synesthesia_colour" VALUES('#008989',47);
INSERT INTO "synesthesia_colour" VALUES('#004589',48);
INSERT INTO "synesthesia_colour" VALUES('#000089',49);
INSERT INTO "synesthesia_colour" VALUES('#450089',50);
INSERT INTO "synesthesia_colour" VALUES('#890089',51);
INSERT INTO "synesthesia_colour" VALUES('#890045',52);
INSERT INTO "synesthesia_colour" VALUES('#3b0000',53);
INSERT INTO "synesthesia_colour" VALUES('#3b2100',54);
INSERT INTO "synesthesia_colour" VALUES('#3b3b00',55);
INSERT INTO "synesthesia_colour" VALUES('#1e3b00',56);
INSERT INTO "synesthesia_colour" VALUES('#003b00',57);
INSERT INTO "synesthesia_colour" VALUES('#003b1e',58);
INSERT INTO "synesthesia_colour" VALUES('#003b3b',59);
INSERT INTO "synesthesia_colour" VALUES('#001e3b',60);
INSERT INTO "synesthesia_colour" VALUES('#00003b',61);
INSERT INTO "synesthesia_colour" VALUES('#1e003b',62);
INSERT INTO "synesthesia_colour" VALUES('#3b003b',63);
INSERT INTO "synesthesia_colour" VALUES('#3b001e',64);
CREATE TABLE "synesthesia_sound" ("instrument" varchar(100) NOT NULL, "pitch" varchar(10) NOT NULL, "soundID" integer NOT NULL PRIMARY KEY);
INSERT INTO "synesthesia_sound" VALUES('tuba','c3',1);
INSERT INTO "synesthesia_sound" VALUES('classic-clean','c5',2);
INSERT INTO "synesthesia_sound" VALUES('classic-clean','c2',3);
INSERT INTO "synesthesia_sound" VALUES('classic-clean','c0',4);
INSERT INTO "synesthesia_sound" VALUES('classic-electric-piano','c6',5);
INSERT INTO "synesthesia_sound" VALUES('classic-electric-piano','c3',6);
INSERT INTO "synesthesia_sound" VALUES('classic-electric-piano','c0',7);
INSERT INTO "synesthesia_sound" VALUES('full-brass','c6',8);
INSERT INTO "synesthesia_sound" VALUES('full-brass','c3',9);
INSERT INTO "synesthesia_sound" VALUES('full-brass','c0',10);
INSERT INTO "synesthesia_sound" VALUES('grand-organ','c6',11);
INSERT INTO "synesthesia_sound" VALUES('grand-organ','c3',12);
INSERT INTO "synesthesia_sound" VALUES('grand-organ','c1',13);
INSERT INTO "synesthesia_sound" VALUES('subby-bass','c8',14);
INSERT INTO "synesthesia_sound" VALUES('subby-bass','c6',15);
INSERT INTO "synesthesia_sound" VALUES('subby-bass','c3',16);
INSERT INTO "synesthesia_sound" VALUES('wedding-organ','c6',17);
INSERT INTO "synesthesia_sound" VALUES('wedding-organ','c3',18);
INSERT INTO "synesthesia_sound" VALUES('wedding-organ','c0',19);
CREATE TABLE "synesthesia_user" ("email" varchar(100) NOT NULL PRIMARY KEY, "firstname" varchar(255) NOT NULL, "age" integer NOT NULL, "gender" varchar(30) NOT NULL, "dominanthand" varchar(30) NOT NULL, "surname" varchar(255) NOT NULL, "password" varchar(255) NOT NULL);
INSERT INTO "synesthesia_user" VALUES('jakwanhussain01@gmail.com','Jakwan','16-25','Male','Right','Hussain','685ee9b64242595398464a4665e631e18a4e2bdfca28d71e1f7be51adafd183b:cg*l');
INSERT INTO "synesthesia_user" VALUES('elaine.chew@qmul.ac.uk','Elaine',48,'Female','Right','Chew','9fac5a56a0bebc113db8ca79c4696f7850aca3482db79b04a17c88c6dcd27d0e:cg*l');
CREATE TABLE "synesthesia_attempttwo" ("id" integer NOT NULL PRIMARY KEY AUTOINCREMENT, "colourTwo_id" integer NOT NULL REFERENCES "synesthesia_colour" ("colourID"), "soundTwo_id" integer NOT NULL REFERENCES "synesthesia_sound" ("soundID"), "userTwo" varchar(100) NOT NULL);
CREATE TABLE "synesthesia_attemptone" (
	`id`	integer NOT NULL PRIMARY KEY AUTOINCREMENT,
	`colourOne`	varchar ( 10 ) NOT NULL,
	`userOne`	varchar ( 100 ) NOT NULL,
	`soundOne`	varchar ( 3 ) NOT NULL
);
INSERT INTO "synesthesia_attemptone" VALUES(1,'#00003b','jakwanhussain01@gmail.com','19');
INSERT INTO "synesthesia_attemptone" VALUES(2,'#3d3d3d','jakwanhussain01@gmail.com','18');
INSERT INTO "synesthesia_attemptone" VALUES(3,'#c4e2ff','jakwanhussain01@gmail.com','17');
INSERT INTO "synesthesia_attemptone" VALUES(4,'#ff89ff','jakwanhussain01@gmail.com','16');
INSERT INTO "synesthesia_attemptone" VALUES(5,'#ff00ff','jakwanhussain01@gmail.com','15');
INSERT INTO "synesthesia_attemptone" VALUES(6,'#c4c4ff','jakwanhussain01@gmail.com','14');
INSERT INTO "synesthesia_attemptone" VALUES(7,'#00003b','jakwanhussain01@gmail.com','13');
INSERT INTO "synesthesia_attemptone" VALUES(8,'#008989','jakwanhussain01@gmail.com','12');
INSERT INTO "synesthesia_attemptone" VALUES(9,'#ffc4c4','jakwanhussain01@gmail.com','11');
INSERT INTO "synesthesia_attemptone" VALUES(10,'#ffffc4','jakwanhussain01@gmail.com','10');
INSERT INTO "synesthesia_attemptone" VALUES(11,'#3d3d3d','jakwanhussain01@gmail.com','9');
INSERT INTO "synesthesia_attemptone" VALUES(12,'#3b001e','jakwanhussain01@gmail.com','8');
INSERT INTO "synesthesia_attemptone" VALUES(13,'#ff00ff','jakwanhussain01@gmail.com','7');
INSERT INTO "synesthesia_attemptone" VALUES(14,'#ffff89','jakwanhussain01@gmail.com','6');
INSERT INTO "synesthesia_attemptone" VALUES(15,'#ffffff','jakwanhussain01@gmail.com','5');
INSERT INTO "synesthesia_attemptone" VALUES(16,'#0080ff','jakwanhussain01@gmail.com','4');
INSERT INTO "synesthesia_attemptone" VALUES(17,'#89ff89','jakwanhussain01@gmail.com','3');
INSERT INTO "synesthesia_attemptone" VALUES(18,'#ffffff','jakwanhussain01@gmail.com','2');
INSERT INTO "synesthesia_attemptone" VALUES(19,'#008900','elaine.chew@qmul.ac.uk','19');
INSERT INTO "synesthesia_attemptone" VALUES(20,'#ff8f00','elaine.chew@qmul.ac.uk','18');
INSERT INTO "synesthesia_attemptone" VALUES(21,'#894d00','elaine.chew@qmul.ac.uk','17');
INSERT INTO "synesthesia_attemptone" VALUES(22,'#89c4ff','elaine.chew@qmul.ac.uk','16');
INSERT INTO "synesthesia_attemptone" VALUES(23,'#ffcb89','elaine.chew@qmul.ac.uk','15');
INSERT INTO "synesthesia_attemptone" VALUES(24,'#ffff89','elaine.chew@qmul.ac.uk','14');
INSERT INTO "synesthesia_attemptone" VALUES(25,'#004589','elaine.chew@qmul.ac.uk','13');
INSERT INTO "synesthesia_attemptone" VALUES(26,'#00ff80','elaine.chew@qmul.ac.uk','12');
INSERT INTO "synesthesia_attemptone" VALUES(27,'#ff8f00','elaine.chew@qmul.ac.uk','11');
INSERT INTO "synesthesia_attemptone" VALUES(28,'#008989','elaine.chew@qmul.ac.uk','10');
INSERT INTO "synesthesia_attemptone" VALUES(29,'#0080ff','elaine.chew@qmul.ac.uk','9');
INSERT INTO "synesthesia_attemptone" VALUES(30,'#ff89c4','elaine.chew@qmul.ac.uk','8');
INSERT INTO "synesthesia_attemptone" VALUES(31,'#450089','elaine.chew@qmul.ac.uk','7');
INSERT INTO "synesthesia_attemptone" VALUES(32,'#8989ff','elaine.chew@qmul.ac.uk','6');
INSERT INTO "synesthesia_attemptone" VALUES(33,'#ffffc4','elaine.chew@qmul.ac.uk','5');
INSERT INTO "synesthesia_attemptone" VALUES(34,'#008900','elaine.chew@qmul.ac.uk','4');
INSERT INTO "synesthesia_attemptone" VALUES(35,'#00ff80','elaine.chew@qmul.ac.uk','3');
INSERT INTO "synesthesia_attemptone" VALUES(36,'#ffff00','elaine.chew@qmul.ac.uk','2');
DELETE FROM sqlite_sequence;
INSERT INTO "sqlite_sequence" VALUES('django_migrations',21);
INSERT INTO "sqlite_sequence" VALUES('django_admin_log',0);
INSERT INTO "sqlite_sequence" VALUES('django_content_type',11);
INSERT INTO "sqlite_sequence" VALUES('auth_permission',33);
INSERT INTO "sqlite_sequence" VALUES('auth_user',0);
INSERT INTO "sqlite_sequence" VALUES('synesthesia_attempttwo',0);
INSERT INTO "sqlite_sequence" VALUES('synesthesia_attemptone',48);
CREATE UNIQUE INDEX "auth_group_permissions_group_id_permission_id_0cd325b0_uniq" ON "auth_group_permissions" ("group_id", "permission_id");
CREATE INDEX "auth_group_permissions_group_id_b120cbf9" ON "auth_group_permissions" ("group_id");
CREATE INDEX "auth_group_permissions_permission_id_84c5c92e" ON "auth_group_permissions" ("permission_id");
CREATE UNIQUE INDEX "auth_user_groups_user_id_group_id_94350c0c_uniq" ON "auth_user_groups" ("user_id", "group_id");
CREATE INDEX "auth_user_groups_user_id_6a12ed8b" ON "auth_user_groups" ("user_id");
CREATE INDEX "auth_user_groups_group_id_97559544" ON "auth_user_groups" ("group_id");
CREATE UNIQUE INDEX "auth_user_user_permissions_user_id_permission_id_14a6b632_uniq" ON "auth_user_user_permissions" ("user_id", "permission_id");
CREATE INDEX "auth_user_user_permissions_user_id_a95ead1b" ON "auth_user_user_permissions" ("user_id");
CREATE INDEX "auth_user_user_permissions_permission_id_1fbb5f2c" ON "auth_user_user_permissions" ("permission_id");
CREATE INDEX "django_admin_log_content_type_id_c4bce8eb" ON "django_admin_log" ("content_type_id");
CREATE INDEX "django_admin_log_user_id_c564eba6" ON "django_admin_log" ("user_id");
CREATE UNIQUE INDEX "django_content_type_app_label_model_76bd3d3b_uniq" ON "django_content_type" ("app_label", "model");
CREATE UNIQUE INDEX "auth_permission_content_type_id_codename_01ab375a_uniq" ON "auth_permission" ("content_type_id", "codename");
CREATE INDEX "auth_permission_content_type_id_2f476e4b" ON "auth_permission" ("content_type_id");
CREATE INDEX "django_session_expire_date_a5c62663" ON "django_session" ("expire_date");
CREATE INDEX "synesthesia_attempttwo_colourTwo_id_90548f79" ON "synesthesia_attempttwo" ("colourTwo_id");
CREATE INDEX "synesthesia_attempttwo_soundTwo_id_d1236ddb" ON "synesthesia_attempttwo" ("soundTwo_id");
COMMIT;
